970c169a78af5436e8c9bcce270520a9cb64cfa3	Test/Test Adder Functionality/testNegativeNumbers.vi
d5836223ed81d50bbb8488d916f59c3016debbd5	Test/Test Adder Functionality/testNormalNumbers.vi
0955c20cde1503963221983877bf331ec2d5e8ef	src/Main.vi
3bac0cad0149f30f7cdf58e24898837c37c19628	src/support/Adder.vi
d688eb11e980812393e98a857ecf49f097afc802	src/support/Check Loop Error.vi
dd045456a12c3b8e8be60cf78197d8bbde5781b6	src/support/Error Handler - Event Handling Loop.vi
d0473a7f0c6635ac7fb66f470692403f80c9af83	src/support/Error Handler - Message Handling Loop.vi
251c35b83e2b3aee5b707985328459a7d20c7f74	src/support/Message Queue/Create All Message Queues.vi
1ea063fc586e5c06f1e512f753f5b2871f48507b	src/support/Message Queue/Dequeue Message.vi
acfc70a7010235c0df631a0f8e5a5d5b126ff0b3	src/support/Message Queue/Enqueue Message (Array).vi
6253a452682a5f0689b5187cd14fe96845509342	src/support/Message Queue/Enqueue Message (Single).vi
bc037cb57313224c6e3ad853f9a89e4853ec66e7	src/support/Message Queue/Enqueue Message.vi
dd7dc68d9c44883e5ecf72372aea84ff90096d8c	src/support/Message Queue/Obtain Message Queue.vi
f9f282f762a8f7cc55198afa066ff1cdad655420	src/support/User Event - Stop/Create User Event - Stop.vi
ccec84ce50744e4589b499a7d66d25d170c90e95	src/support/User Event - Stop/Destroy User Event - Stop.vi
dd97b23378ea46f0b2b6c29ebc6e1f48e4a221a7	src/support/User Event - Stop/Fire User Event - Stop.vi
